date,open,high,low,close,volume,ticker
1-Apr-16,36.54,36.88,36.31,36.48,13650354,YHOO
1-Apr-16,590.49,599.03,588.30,598.50,2912350,AMZN
1-Apr-16,150.51,152.96,150.25,152.52,3919972,IBM
1-Aug-16,38.18,38.89,38.10,38.80,9605006,YHOO
1-Aug-16,759.87,770.50,757.06,767.74,3578205,AMZN
1-Aug-16,160.65,161.65,159.84,161.45,2823588,IBM
1-Dec-16,41.00,41.04,39.53,39.63,12624139,YHOO
1-Dec-16,752.41,753.37,738.03,743.65,4665993,AMZN
1-Dec-16,161.95,162.20,158.30,159.82,4635665,IBM
1-Feb-16,29.27,29.78,28.79,29.57,12865755,YHOO
1-Feb-16,578.15,581.80,570.31,574.81,6313793,AMZN
1-Feb-16,124.40,125.29,123.71,124.83,3570810,IBM
1-Jul-16,37.56,38.08,37.43,37.99,10602792,YHOO
1-Jul-16,717.32,728.00,716.54,725.68,2920423,AMZN
1-Jul-16,152.19,152.97,151.40,152.35,2658280,IBM
1-Jun-16,37.25,37.74,36.56,36.65,22177647,YHOO
1-Jun-16,720.90,726.43,718.22,719.44,3263107,AMZN
1-Jun-16,153.00,153.27,151.54,152.51,2663419,IBM
1-Mar-16,32.04,32.85,32.04,32.80,14833638,YHOO
1-Mar-16,556.29,579.25,556.00,579.04,5014414,AMZN
1-Mar-16,132.24,134.64,132.03,134.37,3786328,IBM
1-Nov-16,41.13,41.34,40.69,41.33,11751521,YHOO
1-Nov-16,799.00,800.84,776.71,785.41,5305428,AMZN
1-Nov-16,153.50,153.91,151.74,152.79,3191924,IBM
1-Sep-16,42.78,43.10,42.72,42.93,5575305,YHOO
1-Sep-16,770.90,772.04,766.75,770.62,1792271,AMZN
1-Sep-16,158.32,159.62,158.10,159.54,2358385,IBM
10-Aug-16,39.34,39.98,39.30,39.93,12981568,YHOO
10-Aug-16,769.80,772.10,766.19,768.56,1604280,AMZN
10-Aug-16,162.19,162.66,161.96,162.08,2466675,IBM
10-Feb-16,27.11,27.81,26.84,27.10,8933601,YHOO
10-Feb-16,491.76,504.66,486.00,490.48,6746103,AMZN
10-Feb-16,125.00,125.29,119.84,120.19,6436823,IBM
10-Jan-17,41.89,42.37,41.54,42.30,8111079,YHOO
10-Jan-17,796.60,798.00,789.54,795.90,2558369,AMZN
10-Jan-17,167.98,168.09,165.34,165.52,4118694,IBM
10-Jun-16,36.97,37.14,36.59,36.83,11216470,YHOO
10-Jun-16,722.35,724.98,714.21,717.91,3425718,AMZN
10-Jun-16,152.79,153.33,151.86,152.37,3120563,IBM
10-Mar-16,33.59,33.60,32.09,32.82,19451953,YHOO
10-Mar-16,566.74,567.00,547.90,558.93,3914343,AMZN
10-Mar-16,141.24,141.47,138.09,140.19,4018224,IBM
10-May-16,37.17,37.58,37.14,37.44,7171353,YHOO
10-May-16,694.00,704.55,693.50,703.07,6087032,AMZN
10-May-16,148.24,150.04,147.74,149.97,3982554,IBM
10-Nov-16,41.55,41.65,39.54,40.16,16443786,YHOO
10-Nov-16,778.81,778.83,717.70,742.38,12746994,AMZN
10-Nov-16,157.66,161.16,157.59,160.22,7715807,IBM
10-Oct-16,43.36,44.07,43.25,43.92,6573631,YHOO
10-Oct-16,843.25,845.20,840.27,841.71,1827143,AMZN
10-Oct-16,156.71,158.49,156.66,157.02,2481288,IBM
11-Apr-16,36.38,36.84,36.32,36.48,13709569,YHOO
11-Apr-16,596.14,604.00,594.91,595.93,2696498,AMZN
11-Apr-16,150.26,151.95,149.22,149.25,3832395,IBM
11-Aug-16,41.12,41.73,40.93,41.27,23938864,YHOO
11-Aug-16,769.94,773.75,769.12,771.24,2019740,AMZN
11-Aug-16,162.25,164.95,162.18,163.53,8768585,IBM
11-Feb-16,26.46,26.97,26.15,26.76,11154923,YHOO
11-Feb-16,491.17,509.30,484.00,503.82,7372686,AMZN
11-Feb-16,118.78,119.66,116.90,117.85,7236058,IBM
11-Jan-17,42.27,42.59,42.07,42.59,6946237,YHOO
11-Jan-17,793.66,799.50,789.51,799.02,2992791,AMZN
11-Jan-17,166.05,167.76,165.60,167.75,3599464,IBM
11-Jul-16,37.44,38.15,37.37,37.96,20342573,YHOO
11-Jul-16,750.00,755.90,747.00,753.78,3195272,AMZN
11-Jul-16,154.60,156.04,154.50,155.33,2833712,IBM
11-Mar-16,33.29,33.86,32.84,33.81,11682714,YHOO
11-Mar-16,566.95,570.06,562.73,569.61,3755372,AMZN
11-Mar-16,141.73,142.92,140.51,142.36,4354954,IBM
11-May-16,37.28,37.63,37.20,37.37,9997359,YHOO
11-May-16,705.79,719.00,701.65,713.23,7315995,AMZN
11-May-16,149.71,151.09,148.74,148.95,3075213,IBM
11-Nov-16,39.84,40.52,39.37,40.42,15178907,YHOO
11-Nov-16,735.73,743.26,728.90,739.01,6622784,AMZN
11-Nov-16,159.97,161.34,159.33,161.27,4446630,IBM
11-Oct-16,43.87,44.08,42.49,42.68,9513283,YHOO
11-Oct-16,841.02,841.29,828.35,831.00,3588180,AMZN
11-Oct-16,156.73,156.95,153.89,154.79,2901326,IBM
12-Apr-16,36.65,36.83,36.28,36.66,10439369,YHOO
12-Apr-16,598.40,604.06,592.31,603.17,2636315,AMZN
12-Apr-16,149.61,150.11,148.58,149.63,3592693,IBM
12-Aug-16,41.28,42.98,41.28,42.94,25182851,YHOO
12-Aug-16,768.46,773.15,768.42,772.56,1563318,AMZN
12-Aug-16,163.19,163.46,161.52,161.95,2543079,IBM
12-Dec-16,41.45,41.53,41.12,41.30,4451709,YHOO
12-Dec-16,766.40,766.89,757.20,760.12,2963945,AMZN
12-Dec-16,166.72,166.79,165.07,165.50,3392331,IBM
12-Feb-16,27.12,27.32,26.72,27.04,12986151,YHOO
12-Feb-16,510.70,516.75,501.49,507.08,5357247,AMZN
12-Feb-16,119.26,121.05,118.35,121.04,4921506,IBM
12-Jan-17,42.34,42.46,41.70,42.11,6024900,YHOO
12-Jan-17,800.31,814.13,799.50,813.64,4873922,AMZN
12-Jan-17,167.77,168.01,165.56,167.95,2927973,IBM
12-Jul-16,38.00,38.33,37.87,37.89,15224047,YHOO
12-Jul-16,756.86,757.34,740.33,748.21,5623657,AMZN
12-Jul-16,156.00,157.12,155.52,157.04,3843793,IBM
12-May-16,37.39,37.51,36.79,37.03,11169187,YHOO
12-May-16,717.38,722.45,711.51,717.93,5034666,AMZN
12-May-16,149.21,149.39,147.11,148.84,3247675,IBM
12-Oct-16,42.60,42.78,42.05,42.36,7290843,YHOO
12-Oct-16,834.00,837.67,830.10,834.09,2380416,AMZN
12-Oct-16,154.97,154.97,153.08,154.29,2963968,IBM
12-Sep-16,42.28,43.65,42.18,43.46,10808806,YHOO
12-Sep-16,757.35,772.66,756.00,771.49,3124704,AMZN
12-Sep-16,155.26,158.53,154.84,158.29,4367529,IBM
13-Apr-16,36.94,37.35,36.90,37.31,17158703,YHOO
13-Apr-16,607.68,616.81,605.29,614.82,4209763,AMZN
13-Apr-16,150.75,151.23,149.63,151.23,3167304,IBM
13-Dec-16,41.35,41.79,41.14,41.47,6564552,YHOO
13-Dec-16,764.96,782.46,762.00,774.34,5285288,AMZN
13-Dec-16,165.68,169.95,165.68,168.29,5932271,IBM
13-Jan-17,42.11,42.46,42.02,42.27,4513026,YHOO
13-Jan-17,814.32,821.65,811.40,817.14,3791945,AMZN
13-Jan-17,167.97,168.48,166.88,167.34,2875433,IBM
13-Jul-16,37.99,38.01,37.46,37.64,9566060,YHOO
13-Jul-16,746.76,756.87,741.25,742.63,4142265,AMZN
13-Jul-16,157.75,158.34,157.06,158.02,2746439,IBM
13-Jun-16,36.70,36.91,36.42,36.47,6519751,YHOO
13-Jun-16,714.01,721.99,711.16,715.24,3352201,AMZN
13-Jun-16,151.63,152.50,150.28,151.28,3610407,IBM
13-May-16,36.91,37.07,36.38,36.48,10996727,YHOO
13-May-16,714.64,719.25,706.51,709.92,4746626,AMZN
13-May-16,148.79,149.86,147.42,147.72,2372098,IBM
13-Oct-16,42.00,42.08,41.17,41.62,15689711,YHOO
13-Oct-16,829.00,831.80,821.21,829.28,3091387,AMZN
13-Oct-16,153.70,154.22,152.27,153.72,2909948,IBM
13-Sep-16,43.19,43.52,42.69,43.04,10132044,YHOO
13-Sep-16,768.77,769.89,759.05,761.01,3117224,AMZN
13-Sep-16,157.63,157.93,155.50,155.81,3636719,IBM
14-Apr-16,37.47,37.50,36.85,37.17,16608991,YHOO
14-Apr-16,615.07,624.38,615.07,620.75,3474327,AMZN
14-Apr-16,151.50,152.76,150.38,151.16,3163867,IBM
14-Dec-16,41.44,41.53,40.83,40.91,19555694,YHOO
14-Dec-16,778.25,780.86,762.81,768.82,5454836,AMZN
14-Dec-16,168.37,169.89,167.45,168.51,4124161,IBM
14-Jul-16,37.85,38.35,37.85,37.96,10713015,YHOO
14-Jul-16,748.86,749.04,739.02,741.20,2390472,AMZN
14-Jul-16,158.81,161.40,158.58,160.28,4637644,IBM
14-Jun-16,36.63,37.44,36.63,37.40,13023127,YHOO
14-Jun-16,712.33,720.80,712.27,719.30,2506922,AMZN
14-Jun-16,151.28,151.79,150.40,151.06,2865833,IBM
14-Mar-16,33.75,34.08,33.51,33.58,7960303,YHOO
14-Mar-16,567.00,576.89,563.05,573.37,3451873,AMZN
14-Mar-16,142.01,143.19,141.04,142.78,4047559,IBM
14-Nov-16,40.36,40.39,38.87,39.30,12692293,YHOO
14-Nov-16,745.51,746.00,710.10,719.07,7321344,AMZN
14-Nov-16,161.25,161.86,157.58,158.21,5196498,IBM
14-Oct-16,42.04,42.25,41.40,41.44,7781258,YHOO
14-Oct-16,835.08,835.74,822.96,822.96,2999814,AMZN
14-Oct-16,154.47,155.53,154.09,154.45,4358197,IBM
14-Sep-16,42.91,43.62,42.86,43.46,11625287,YHOO
14-Sep-16,762.20,767.50,758.85,761.09,2531822,AMZN
14-Sep-16,155.70,155.87,153.39,154.05,3860553,IBM
15-Apr-16,37.13,37.15,36.42,36.51,19016188,YHOO
15-Apr-16,621.92,626.77,618.11,625.89,2880881,AMZN
15-Apr-16,151.04,152.10,150.96,151.72,3526272,IBM
15-Aug-16,43.18,43.29,42.43,42.67,14441784,YHOO
15-Aug-16,771.90,772.04,767.71,768.49,2118521,AMZN
15-Aug-16,162.40,162.97,161.78,161.88,2970415,IBM
15-Dec-16,40.00,40.00,38.25,38.41,43669990,YHOO
15-Dec-16,766.28,769.10,760.31,761.00,3801927,AMZN
15-Dec-16,168.01,169.85,167.78,168.02,3388570,IBM
15-Jul-16,38.16,38.18,37.68,37.72,13513375,YHOO
15-Jul-16,746.55,746.55,734.05,735.44,3121385,AMZN
15-Jul-16,159.90,159.98,158.50,159.78,4476810,IBM
15-Jun-16,37.43,37.60,37.10,37.32,10213170,YHOO
15-Jun-16,722.00,722.56,713.35,714.26,2709447,AMZN
15-Jun-16,151.46,151.79,150.60,150.68,2260406,IBM
15-Mar-16,33.32,33.46,33.11,33.26,10672318,YHOO
15-Mar-16,571.00,581.52,567.00,577.02,3876821,AMZN
15-Mar-16,141.74,143.33,141.54,142.96,3707538,IBM
15-Nov-16,39.61,40.45,39.58,40.21,13364918,YHOO
15-Nov-16,730.00,746.78,725.99,743.24,6755785,AMZN
15-Nov-16,158.42,159.15,157.55,158.67,3476996,IBM
15-Sep-16,43.41,44.05,43.22,43.99,12535634,YHOO
15-Sep-16,762.00,770.87,757.58,769.69,3043534,AMZN
15-Sep-16,154.30,156.33,153.21,155.66,3662573,IBM
16-Aug-16,42.30,42.79,41.95,42.49,13793794,YHOO
16-Aug-16,768.62,768.73,763.82,764.04,1604561,AMZN
16-Aug-16,161.11,161.93,160.69,160.70,2210229,IBM
16-Dec-16,38.62,39.22,38.42,38.61,21694081,YHOO
16-Dec-16,765.00,765.13,754.00,757.77,4848219,AMZN
16-Dec-16,168.97,169.11,166.06,166.73,7120572,IBM
16-Feb-16,27.98,29.44,27.94,29.28,20127286,YHOO
16-Feb-16,519.48,524.45,511.66,521.10,5080654,AMZN
16-Feb-16,121.83,123.09,121.34,122.74,4027818,IBM
16-Jun-16,37.39,37.45,36.54,37.39,10634046,YHOO
16-Jun-16,712.05,718.00,705.30,717.51,3097961,AMZN
16-Jun-16,150.19,151.30,149.00,151.06,2449064,IBM
16-Mar-16,33.03,34.08,33.00,34.01,10975697,YHOO
16-Mar-16,576.64,581.32,571.14,574.27,3474570,AMZN
16-Mar-16,142.62,144.88,142.11,144.79,4200019,IBM
16-May-16,37.03,37.79,36.88,37.48,16976456,YHOO
16-May-16,710.13,713.25,700.28,710.66,5425097,AMZN
16-May-16,147.65,149.99,147.44,149.46,3061873,IBM
16-Nov-16,40.10,41.05,40.10,40.98,15609553,YHOO
16-Nov-16,739.88,749.87,735.61,746.49,3648791,AMZN
16-Nov-16,158.46,159.55,158.03,159.29,2252806,IBM
16-Sep-16,43.94,44.02,43.47,43.67,19093930,YHOO
16-Sep-16,773.28,780.46,771.66,778.52,5499182,AMZN
16-Sep-16,155.04,155.40,153.47,153.84,6463644,IBM
17-Aug-16,42.39,42.75,42.39,42.70,8571927,YHOO
17-Aug-16,764.41,765.22,759.20,764.63,1891116,AMZN
17-Aug-16,160.97,161.16,159.84,160.44,3225919,IBM
17-Feb-16,29.47,29.66,29.06,29.37,12891554,YHOO
17-Feb-16,528.74,537.48,519.39,534.10,4777467,AMZN
17-Feb-16,123.71,126.57,123.25,126.10,4814894,IBM
17-Jan-17,42.06,42.18,41.84,41.99,4779009,YHOO
17-Jan-17,815.70,816.00,803.44,809.72,3670529,AMZN
17-Jan-17,166.69,168.18,166.12,167.89,3315655,IBM
17-Jun-16,37.43,37.44,36.81,36.94,12593900,YHOO
17-Jun-16,718.19,718.20,699.18,706.39,5897788,AMZN
17-Jun-16,150.96,152.72,150.60,151.99,4663870,IBM
17-Mar-16,33.88,34.55,33.87,34.28,9334078,YHOO
17-Mar-16,569.51,571.40,555.01,559.44,5918200,AMZN
17-Mar-16,144.78,147.32,144.45,147.04,5820336,IBM
17-May-16,37.44,37.70,37.25,37.27,11335505,YHOO
17-May-16,709.90,714.47,693.91,695.27,5093930,AMZN
17-May-16,149.21,149.50,147.29,148.00,3489779,IBM
17-Nov-16,41.34,41.65,41.20,41.45,8692013,YHOO
17-Nov-16,749.32,757.50,748.00,756.40,3651345,AMZN
17-Nov-16,159.22,159.93,158.85,159.80,2258716,IBM
17-Oct-16,41.35,41.94,41.24,41.79,8620369,YHOO
17-Oct-16,821.50,822.00,811.68,812.95,3361492,AMZN
17-Oct-16,154.45,155.89,154.34,154.77,5890421,IBM
18-Apr-16,36.24,37.00,35.88,36.52,17723026,YHOO
18-Apr-16,625.35,637.64,624.96,635.35,4336419,AMZN
18-Apr-16,151.75,153.14,151.49,152.53,5911265,IBM
18-Aug-16,42.69,42.97,42.58,42.90,11294419,YHOO
18-Aug-16,764.00,765.17,760.60,764.46,1458834,AMZN
18-Aug-16,160.89,162.00,160.44,161.36,3652013,IBM
18-Feb-16,29.56,30.14,29.39,29.42,15259369,YHOO
18-Feb-16,541.19,541.20,523.73,525.00,4704237,AMZN
18-Feb-16,130.00,134.00,129.75,132.45,9925974,IBM
18-Jan-17,42.15,42.15,41.80,42.03,3594963,YHOO
18-Jan-17,809.50,811.73,804.27,807.48,2354201,AMZN
18-Jan-17,167.45,168.59,166.69,166.80,4007779,IBM
18-Jul-16,37.68,37.97,37.50,37.95,16046777,YHOO
18-Jul-16,735.49,741.60,728.72,736.07,2954914,AMZN
18-Jul-16,159.30,160.75,158.73,159.86,6729685,IBM
18-Mar-16,34.54,35.21,34.38,35.17,20488334,YHOO
18-Mar-16,560.94,562.33,546.09,552.08,7263345,AMZN
18-Mar-16,147.40,147.51,145.51,147.09,12081614,IBM
18-May-16,37.09,37.50,36.89,37.24,8465904,YHOO
18-May-16,689.56,702.54,688.76,697.45,4272357,AMZN
18-May-16,147.99,148.52,146.36,147.34,2482097,IBM
18-Nov-16,41.48,41.65,40.90,41.19,8138928,YHOO
18-Nov-16,761.00,767.74,757.64,760.16,4373408,AMZN
18-Nov-16,159.80,160.72,159.21,160.39,2981633,IBM
18-Oct-16,42.04,42.60,41.63,41.68,19360802,YHOO
18-Oct-16,822.11,823.26,815.02,817.65,2512504,AMZN
18-Oct-16,150.02,151.00,147.79,150.72,12770570,IBM
19-Apr-16,36.46,36.73,36.11,36.33,20014080,YHOO
19-Apr-16,637.14,638.01,620.80,627.90,4048806,AMZN
19-Apr-16,146.47,146.95,142.61,144.00,13149148,IBM
19-Aug-16,42.80,43.12,42.64,43.02,9460753,YHOO
19-Aug-16,761.90,762.49,756.89,757.31,2343237,AMZN
19-Aug-16,160.84,160.91,159.52,160.04,2815184,IBM
19-Dec-16,38.66,38.79,38.27,38.42,13615511,YHOO
19-Dec-16,758.89,770.50,756.16,766.00,3113240,AMZN
19-Dec-16,166.83,167.26,166.00,166.68,2955906,IBM
19-Feb-16,30.19,30.23,29.70,30.04,20706072,YHOO
19-Feb-16,520.71,535.95,515.35,534.90,4941120,AMZN
19-Feb-16,132.36,133.65,130.84,133.08,5117316,IBM
19-Jul-16,37.77,38.49,37.65,38.17,10393957,YHOO
19-Jul-16,732.50,743.33,732.31,739.95,2216820,AMZN
19-Jul-16,161.78,162.14,157.89,159.58,7120017,IBM
19-May-16,36.94,37.23,36.67,37.02,7096480,YHOO
19-May-16,691.88,699.40,689.56,698.52,3014968,AMZN
19-May-16,146.48,146.93,143.96,144.93,3618752,IBM
19-Oct-16,42.30,42.94,42.26,42.73,14532469,YHOO
19-Oct-16,820.40,820.67,815.17,817.69,2090706,AMZN
19-Oct-16,151.27,152.45,150.83,151.26,4632854,IBM
19-Sep-16,43.92,43.95,43.00,43.19,7887375,YHOO
19-Sep-16,779.97,781.94,771.00,775.10,2297221,AMZN
19-Sep-16,154.87,156.19,154.55,154.87,2450117,IBM
2-Aug-16,38.60,38.67,38.26,38.57,7504721,YHOO
2-Aug-16,763.81,765.01,757.02,760.58,3603280,AMZN
2-Aug-16,161.27,161.45,160.36,160.58,3080899,IBM
2-Dec-16,39.77,40.32,39.58,40.07,8588544,YHOO
2-Dec-16,743.40,748.49,736.70,740.34,3561307,AMZN
2-Dec-16,159.00,160.29,158.41,160.02,2740867,IBM
2-Feb-16,29.32,30.23,28.13,29.06,34088167,YHOO
2-Feb-16,570.00,571.56,550.09,552.10,6281425,AMZN
2-Feb-16,123.67,124.14,122.64,122.94,3279196,IBM
2-Jun-16,36.66,37.22,36.58,37.15,12179259,YHOO
2-Jun-16,720.97,728.28,715.50,728.24,3026583,AMZN
2-Jun-16,152.59,153.50,152.12,153.50,2642601,IBM
2-Mar-16,32.81,33.24,32.77,32.91,10458566,YHOO
2-Mar-16,581.75,585.00,573.70,580.21,4576922,AMZN
2-Mar-16,133.70,137.44,133.22,136.30,5168887,IBM
2-May-16,36.65,36.74,36.32,36.53,6581891,YHOO
2-May-16,663.92,685.50,662.03,683.85,6560872,AMZN
2-May-16,146.56,147.00,144.43,145.27,3499020,IBM
2-Nov-16,41.80,42.16,40.36,40.68,13019956,YHOO
2-Nov-16,783.93,784.75,763.55,765.56,5026504,AMZN
2-Nov-16,152.48,153.34,151.67,151.95,3074438,IBM
2-Sep-16,43.27,43.60,43.08,43.28,7334914,YHOO
2-Sep-16,774.11,776.00,771.70,772.44,2157422,AMZN
2-Sep-16,159.88,160.57,159.15,159.55,2315366,IBM
20-Apr-16,37.10,38.18,37.00,37.84,30758921,YHOO
20-Apr-16,630.00,636.55,623.00,632.99,2601549,AMZN
20-Apr-16,144.24,147.20,144.00,146.11,6721442,IBM
20-Dec-16,38.40,39.18,38.24,39.16,25008427,YHOO
20-Dec-16,768.65,774.39,767.71,771.22,2703629,AMZN
20-Dec-16,167.49,168.25,166.45,167.60,2174569,IBM
20-Jul-16,38.36,38.93,38.26,38.90,8177973,YHOO
20-Jul-16,744.00,746.25,740.70,745.72,2214023,AMZN
20-Jul-16,159.97,161.71,159.60,161.36,4376286,IBM
20-Jun-16,37.27,37.68,37.24,37.29,8957313,YHOO
20-Jun-16,713.50,721.31,710.81,714.01,3677162,AMZN
20-Jun-16,152.60,154.67,152.52,153.61,3572102,IBM
20-May-16,36.05,36.72,35.88,36.50,34311031,YHOO
20-May-16,701.05,707.24,700.00,702.80,2867442,AMZN
20-May-16,145.71,147.51,145.55,147.25,3576766,IBM
20-Oct-16,42.69,42.69,42.07,42.38,11671022,YHOO
20-Oct-16,813.99,815.71,803.10,810.32,3151954,AMZN
20-Oct-16,151.28,152.90,151.02,151.52,4023103,IBM
20-Sep-16,43.24,43.38,42.66,42.79,9788923,YHOO
20-Sep-16,776.00,781.37,776.00,780.22,1937164,AMZN
20-Sep-16,155.87,156.57,154.45,154.45,2159092,IBM
21-Apr-16,37.92,38.12,37.35,37.67,11633739,YHOO
21-Apr-16,631.00,637.82,628.50,631.00,2550919,AMZN
21-Apr-16,146.58,150.12,146.46,149.30,5992604,IBM
21-Dec-16,39.08,39.32,38.97,39.15,8296515,YHOO
21-Dec-16,770.00,771.22,765.70,770.60,2044629,AMZN
21-Dec-16,166.25,167.94,165.25,167.33,3575721,IBM
21-Jan-16,28.75,29.80,28.19,29.31,16073930,YHOO
21-Jan-16,573.58,588.81,568.22,575.02,4932633,AMZN
21-Jan-16,121.30,125.10,120.58,122.91,8845201,IBM
21-Jul-16,39.01,39.25,38.72,38.85,7671760,YHOO
21-Jul-16,747.50,749.36,742.79,744.43,2317072,AMZN
21-Jul-16,160.75,161.85,159.89,160.45,4048975,IBM
21-Jun-16,37.37,37.55,37.20,37.40,5574603,YHOO
21-Jun-16,715.72,718.40,712.72,715.82,2137534,AMZN
21-Jun-16,154.16,154.57,153.69,154.05,2760344,IBM
21-Mar-16,35.00,36.10,35.00,35.47,13279376,YHOO
21-Mar-16,548.91,555.24,538.58,553.98,5146137,AMZN
21-Mar-16,147.30,148.71,146.72,148.63,3714259,IBM
21-Nov-16,41.44,41.48,40.94,41.11,11355856,YHOO
21-Nov-16,766.00,780.35,765.11,780.00,4614574,AMZN
21-Nov-16,160.69,163.00,160.37,162.77,4637097,IBM
21-Oct-16,42.10,42.20,41.73,42.17,7194168,YHOO
21-Oct-16,809.36,819.42,809.00,818.99,2793015,AMZN
21-Oct-16,150.58,151.15,149.56,149.63,4414206,IBM
21-Sep-16,42.89,44.22,42.89,44.14,12313680,YHOO
21-Sep-16,783.25,790.69,779.01,789.74,2718644,AMZN
21-Sep-16,154.91,155.68,153.87,155.53,2473895,IBM
22-Apr-16,37.50,38.09,37.16,37.48,9071816,YHOO
22-Apr-16,624.47,628.25,611.56,620.50,5069891,AMZN
22-Apr-16,149.44,151.00,147.50,148.50,5190627,IBM
22-Aug-16,42.84,42.87,42.33,42.52,6229402,YHOO
22-Aug-16,757.50,759.85,752.10,759.48,1679251,AMZN
22-Aug-16,160.00,160.57,159.13,160.00,2039331,IBM
22-Dec-16,38.69,38.79,38.26,38.50,11685650,YHOO
22-Dec-16,768.12,771.21,763.02,766.34,2543551,AMZN
22-Dec-16,167.36,168.23,166.58,167.06,2802631,IBM
22-Feb-16,30.65,31.21,30.39,31.17,21455295,YHOO
22-Feb-16,542.20,560.65,541.08,559.50,5541066,AMZN
22-Feb-16,133.84,134.31,132.41,133.77,4441519,IBM
22-Jan-16,29.97,30.52,29.31,29.75,16272093,YHOO
22-Jan-16,588.73,600.10,584.11,596.38,5101123,AMZN
22-Jan-16,124.67,124.74,121.77,122.50,9237033,IBM
22-Jul-16,38.90,39.42,38.78,39.38,11325660,YHOO
22-Jul-16,747.79,751.28,743.53,744.86,2277711,AMZN
22-Jul-16,160.78,162.17,160.48,162.07,2520077,IBM
22-Jun-16,37.37,37.52,37.17,37.36,6279215,YHOO
22-Jun-16,716.58,717.00,707.56,710.60,2260454,AMZN
22-Jun-16,153.75,154.71,152.27,152.92,2833664,IBM
22-Mar-16,34.68,35.61,34.68,35.41,11272275,YHOO
22-Mar-16,545.11,562.76,545.05,560.48,3990902,AMZN
22-Mar-16,148.06,149.28,147.84,148.10,4054809,IBM
22-Nov-16,41.20,41.40,40.83,41.01,8881541,YHOO
22-Nov-16,788.17,792.40,781.00,785.33,5311320,AMZN
22-Nov-16,163.00,163.00,161.95,162.67,2770789,IBM
22-Sep-16,43.94,44.87,43.74,44.15,33355616,YHOO
22-Sep-16,794.27,805.89,794.27,804.70,4078910,AMZN
22-Sep-16,156.15,157.22,155.69,156.11,2691115,IBM
23-Aug-16,42.61,42.91,42.45,42.60,8963786,YHOO
23-Aug-16,763.31,764.70,761.00,762.45,1524131,AMZN
23-Aug-16,160.33,161.34,160.23,160.26,2838137,IBM
23-Dec-16,38.46,38.81,38.37,38.66,3841245,YHOO
23-Dec-16,764.55,766.50,757.99,760.59,1981616,AMZN
23-Dec-16,167.00,167.49,166.45,166.71,1701228,IBM
23-Feb-16,31.20,31.38,30.50,30.67,16847456,YHOO
23-Feb-16,555.55,556.91,545.33,552.94,4035929,AMZN
23-Feb-16,133.14,133.41,132.01,132.40,3372962,IBM
23-Jun-16,37.64,37.78,37.41,37.78,7710892,YHOO
23-Jun-16,715.50,722.12,712.50,722.08,2824974,AMZN
23-Jun-16,153.45,155.48,152.60,155.35,3969369,IBM
23-Mar-16,35.43,35.70,34.71,34.80,12192595,YHOO
23-Mar-16,561.00,572.48,558.10,569.63,3966131,AMZN
23-Mar-16,148.00,148.03,145.13,145.40,4753828,IBM
23-May-16,36.46,36.94,36.43,36.66,7768631,YHOO
23-May-16,704.25,706.00,696.42,696.75,2579171,AMZN
23-May-16,147.61,147.95,146.66,146.77,2088554,IBM
23-Nov-16,40.91,40.98,40.54,40.96,3719257,YHOO
23-Nov-16,781.73,781.75,773.12,780.12,3540263,AMZN
23-Nov-16,161.94,162.38,161.36,161.98,2256165,IBM
23-Sep-16,43.50,43.76,42.54,42.80,31888521,YHOO
23-Sep-16,803.13,807.75,802.12,805.75,2353511,AMZN
23-Sep-16,155.62,156.04,154.71,154.98,2702153,IBM
24-Aug-16,42.50,42.77,41.79,41.91,6930295,YHOO
24-Aug-16,763.00,763.41,755.36,757.25,1744107,AMZN
24-Aug-16,159.89,160.18,158.32,159.05,3645837,IBM
24-Feb-16,30.41,31.12,29.80,30.95,12612029,YHOO
24-Feb-16,545.75,554.27,533.15,554.04,6207285,AMZN
24-Feb-16,131.55,133.49,129.68,132.80,4087400,IBM
24-Jun-16,36.40,36.95,36.08,36.24,19657828,YHOO
24-Jun-16,693.00,712.53,692.20,698.96,7632511,AMZN
24-Jun-16,149.97,150.61,146.18,146.59,9082793,IBM
24-Mar-16,34.45,34.86,33.93,34.86,14101549,YHOO
24-Mar-16,567.11,583.55,567.08,582.95,5141569,AMZN
24-Mar-16,144.98,148.22,144.49,147.95,5042895,IBM
24-May-16,36.85,37.63,36.77,37.53,10601318,YHOO
24-May-16,698.01,707.50,698.00,704.20,2851442,AMZN
24-May-16,146.88,148.75,146.88,148.31,2827106,IBM
24-Oct-16,42.50,42.68,42.38,42.59,4346851,YHOO
24-Oct-16,824.95,838.30,822.21,838.09,4060899,AMZN
24-Oct-16,150.40,151.52,150.40,150.57,2666740,IBM
25-Apr-16,37.47,37.54,37.18,37.23,9823457,YHOO
25-Apr-16,616.61,626.98,616.25,626.20,2666702,AMZN
25-Apr-16,148.16,148.90,147.11,148.81,2845511,IBM
25-Aug-16,41.83,42.24,41.73,42.03,5360912,YHOO
25-Aug-16,756.00,760.56,754.74,759.22,1622992,AMZN
25-Aug-16,159.00,159.54,158.42,158.63,2575023,IBM
25-Feb-16,30.74,31.36,30.24,31.36,19842342,YHOO
25-Feb-16,555.52,559.39,545.29,555.15,4510534,AMZN
25-Feb-16,133.29,134.51,130.88,134.50,4354669,IBM
25-Jan-16,29.96,30.39,29.66,29.78,23095495,YHOO
25-Jan-16,597.99,608.50,594.56,596.53,4376653,AMZN
25-Jan-16,122.10,124.23,121.64,122.08,5427835,IBM
25-Jul-16,39.20,39.21,38.22,38.32,41814378,YHOO
25-Jul-16,746.55,748.50,735.35,739.61,2679290,AMZN
25-Jul-16,162.00,162.88,161.75,162.65,2804578,IBM
25-May-16,36.63,36.96,35.47,35.59,33984864,YHOO
25-May-16,708.00,710.86,705.52,708.35,3267686,AMZN
25-May-16,148.93,152.09,148.50,151.69,4347009,IBM
25-Nov-16,41.08,41.08,40.71,40.87,2586908,YHOO
25-Nov-16,786.50,786.75,777.90,780.37,1837068,AMZN
25-Nov-16,161.83,163.19,161.83,163.14,1605344,IBM
25-Oct-16,42.72,42.75,42.43,42.55,5338875,YHOO
25-Oct-16,839.30,843.09,833.22,835.18,3248358,AMZN
25-Oct-16,150.69,151.16,149.83,150.88,2647487,IBM
26-Apr-16,37.32,37.54,36.91,37.11,10059564,YHOO
26-Apr-16,626.17,626.75,614.88,616.88,2492620,AMZN
26-Apr-16,148.65,149.79,147.90,149.08,2978004,IBM
26-Aug-16,42.15,42.61,41.94,42.27,6327991,YHOO
26-Aug-16,760.05,770.00,759.80,769.00,2776830,AMZN
26-Aug-16,158.88,160.44,157.85,158.32,2498909,IBM
26-Feb-16,31.68,31.90,31.22,31.37,16680156,YHOO
26-Feb-16,560.12,562.50,553.17,555.23,4858230,AMZN
26-Feb-16,134.51,134.92,131.95,132.03,4383322,IBM
26-Jan-16,29.76,30.19,29.62,29.98,11422624,YHOO
26-Jan-16,603.45,604.50,590.38,601.25,3743213,AMZN
26-Jan-16,122.25,123.61,122.24,122.59,4613756,IBM
26-Jul-16,38.07,38.83,37.90,38.76,15978647,YHOO
26-Jul-16,742.71,743.13,732.75,735.59,2529692,AMZN
26-Jul-16,162.65,163.60,161.37,162.12,2894559,IBM
26-May-16,36.13,36.85,36.07,36.76,16277866,YHOO
26-May-16,708.33,715.00,707.29,714.91,2436846,AMZN
26-May-16,151.55,152.51,151.05,152.44,3042788,IBM
26-Oct-16,42.26,42.44,41.95,42.08,6123026,YHOO
26-Oct-16,832.76,833.44,820.00,822.59,3998102,AMZN
26-Oct-16,150.71,152.94,150.26,151.81,2811728,IBM
26-Sep-16,42.38,42.74,41.85,42.29,12745119,YHOO
26-Sep-16,801.80,805.93,797.14,799.16,2651397,AMZN
26-Sep-16,154.46,154.46,153.46,153.98,2533325,IBM
27-Apr-16,37.52,37.59,36.63,36.95,16391163,YHOO
27-Apr-16,611.80,615.95,601.28,606.57,4020813,AMZN
27-Apr-16,149.35,150.78,148.97,150.47,3086611,IBM
27-Dec-16,38.59,39.06,38.50,38.92,4240285,YHOO
27-Dec-16,763.40,774.65,761.20,771.40,2638725,AMZN
27-Dec-16,166.98,167.98,166.85,167.14,1397455,IBM
27-Jan-16,29.90,30.53,29.44,29.69,13269873,YHOO
27-Jan-16,601.99,603.39,578.78,583.35,5029472,AMZN
27-Jan-16,122.73,123.37,120.65,120.96,4999341,IBM
27-Jul-16,38.66,38.77,38.43,38.66,12148433,YHOO
27-Jul-16,737.97,740.94,733.86,736.67,2913134,AMZN
27-Jul-16,162.12,162.57,161.18,161.83,2162680,IBM
27-Jun-16,35.87,36.01,35.05,35.22,14157606,YHOO
27-Jun-16,692.01,696.82,682.12,691.36,5584037,AMZN
27-Jun-16,146.18,146.60,142.50,143.50,5166665,IBM
27-May-16,36.88,37.88,36.84,37.82,14642533,YHOO
27-May-16,715.00,716.60,711.10,712.24,2246353,AMZN
27-May-16,152.35,152.93,152.15,152.84,2456289,IBM
27-Oct-16,42.31,42.49,41.81,41.87,7240848,YHOO
27-Oct-16,831.24,831.72,815.43,818.36,7406385,AMZN
27-Oct-16,152.82,154.06,152.02,153.35,4229336,IBM
27-Sep-16,42.43,43.41,42.32,43.37,8765715,YHOO
27-Sep-16,801.85,816.64,801.11,816.11,3819600,AMZN
27-Sep-16,154.32,156.77,153.81,156.77,2987195,IBM
28-Apr-16,36.84,37.44,36.51,36.59,13148503,YHOO
28-Apr-16,615.54,626.80,599.20,602.00,7142090,AMZN
28-Apr-16,149.75,150.18,146.72,147.07,3771853,IBM
28-Dec-16,39.12,39.22,38.71,38.73,4428368,YHOO
28-Dec-16,776.25,780.00,770.50,772.13,3301025,AMZN
28-Dec-16,167.29,167.74,166.00,166.19,1757500,IBM
28-Jan-16,30.59,30.63,28.60,28.75,15420511,YHOO
28-Jan-16,608.37,638.06,597.55,635.35,12615917,AMZN
28-Jan-16,121.26,122.83,121.01,122.22,3942349,IBM
28-Jul-16,38.58,38.64,38.23,38.52,7424404,YHOO
28-Jul-16,745.98,753.36,739.70,752.61,7617580,AMZN
28-Jul-16,161.38,161.81,160.71,161.37,2340369,IBM
28-Jun-16,35.58,36.14,35.50,36.04,10990713,YHOO
28-Jun-16,700.00,708.00,698.17,707.95,4036957,AMZN
28-Jun-16,144.78,145.73,144.22,145.70,3997694,IBM
28-Mar-16,35.39,35.45,34.62,35.23,12976815,YHOO
28-Mar-16,584.40,584.75,575.56,579.87,3118032,AMZN
28-Mar-16,147.75,148.65,147.23,148.40,3260841,IBM
28-Nov-16,40.85,41.70,40.74,41.45,6836364,YHOO
28-Nov-16,776.99,777.00,764.24,766.77,4438828,AMZN
28-Nov-16,163.20,164.66,162.70,164.52,4449355,IBM
28-Oct-16,42.03,42.22,41.71,41.78,6197469,YHOO
28-Oct-16,782.00,789.49,774.61,776.32,10841073,AMZN
28-Oct-16,154.05,154.44,152.18,152.61,3654496,IBM
28-Sep-16,43.40,43.72,43.25,43.69,7418984,YHOO
28-Sep-16,818.00,830.14,817.03,828.72,4422078,AMZN
28-Sep-16,156.99,158.62,156.23,158.29,3310008,IBM
29-Apr-16,36.51,36.98,36.15,36.60,11954114,YHOO
29-Apr-16,666.00,669.98,654.00,659.59,10291785,AMZN
29-Apr-16,146.49,147.34,144.19,145.94,4217744,IBM
29-Aug-16,42.20,42.46,42.08,42.26,4555600,YHOO
29-Aug-16,768.72,774.98,768.60,771.29,2198560,AMZN
29-Aug-16,158.83,160.21,158.50,159.72,2475879,IBM
29-Dec-16,38.76,38.93,38.48,38.64,4170497,YHOO
29-Dec-16,772.40,773.40,760.85,765.15,3158299,AMZN
29-Dec-16,166.02,166.99,166.00,166.60,1663542,IBM
29-Feb-16,31.31,32.46,31.31,31.79,19208698,YHOO
29-Feb-16,554.00,564.81,552.51,552.52,4013368,AMZN
29-Feb-16,132.00,133.36,130.90,131.03,4376341,IBM
29-Jan-16,29.10,29.51,28.51,29.51,18718334,YHOO
29-Jan-16,571.98,593.00,570.00,587.00,14622317,AMZN
29-Jan-16,123.28,124.79,122.96,124.79,8208826,IBM
29-Jul-16,38.47,38.52,38.08,38.19,13199145,YHOO
29-Jul-16,765.00,766.00,755.00,758.81,6777050,AMZN
29-Jul-16,161.36,161.67,160.03,160.62,3547546,IBM
29-Jun-16,36.25,37.08,36.25,36.86,10808162,YHOO
29-Jun-16,715.75,719.50,713.54,715.60,3070052,AMZN
29-Jun-16,146.50,148.48,146.45,148.46,3367736,IBM
29-Mar-16,35.05,36.43,35.01,36.32,23166544,YHOO
29-Mar-16,580.15,595.85,576.50,593.86,4167059,AMZN
29-Mar-16,147.59,149.76,147.50,149.33,3127103,IBM
29-Nov-16,41.43,41.83,41.12,41.60,13085981,YHOO
29-Nov-16,768.00,769.89,761.32,762.52,3272344,AMZN
29-Nov-16,164.00,164.41,163.03,163.53,3148196,IBM
29-Sep-16,43.17,43.30,42.43,42.57,13720746,YHOO
29-Sep-16,828.26,837.50,824.63,829.05,4922248,AMZN
29-Sep-16,158.63,165.00,157.46,158.11,3374838,IBM
3-Aug-16,38.43,38.55,38.28,38.39,5890051,YHOO
3-Aug-16,757.06,758.89,752.25,754.64,3581525,AMZN
3-Aug-16,160.13,160.86,159.80,160.67,2861659,IBM
3-Feb-16,28.45,28.61,26.57,27.68,55527649,YHOO
3-Feb-16,553.50,556.00,521.90,531.07,10037222,AMZN
3-Feb-16,123.99,125.45,122.45,124.72,6222759,IBM
3-Jan-17,39.11,39.18,38.64,38.90,6084699,YHOO
3-Jan-17,757.92,758.76,747.70,753.67,3521066,AMZN
3-Jan-17,167.00,167.87,166.01,167.19,2934299,IBM
3-Jun-16,37.11,37.11,36.50,36.60,12059105,YHOO
3-Jun-16,726.74,727.00,718.43,725.54,3367306,AMZN
3-Jun-16,152.40,153.04,151.70,152.89,2328256,IBM
3-Mar-16,32.71,33.21,32.42,32.88,11355589,YHOO
3-Mar-16,577.96,579.87,573.11,577.49,2736673,AMZN
3-Mar-16,137.22,137.96,136.07,137.80,5146815,IBM
3-May-16,36.25,36.41,35.91,36.01,8774971,YHOO
3-May-16,677.36,680.30,670.43,671.32,4902099,AMZN
3-May-16,144.65,144.90,142.90,144.13,3558829,IBM
3-Nov-16,40.62,40.75,40.18,40.23,8112820,YHOO
3-Nov-16,765.05,777.00,764.00,767.03,3872496,AMZN
3-Nov-16,152.51,153.74,151.80,152.37,2878803,IBM
3-Oct-16,42.95,43.18,42.82,43.13,7965922,YHOO
3-Oct-16,836.00,839.86,831.25,836.74,2769448,AMZN
3-Oct-16,158.06,158.37,157.02,157.61,2227800,IBM
30-Aug-16,42.28,42.74,42.28,42.58,5804080,YHOO
30-Aug-16,771.05,771.84,765.56,767.58,1709158,AMZN
30-Aug-16,159.76,160.15,158.81,159.40,1813343,IBM
30-Dec-16,38.72,39.00,38.43,38.67,6432792,YHOO
30-Dec-16,766.47,767.40,748.28,749.87,4139449,AMZN
30-Dec-16,166.44,166.70,165.50,165.99,2952825,IBM
30-Jun-16,36.89,37.58,36.89,37.56,15209878,YHOO
30-Jun-16,717.20,719.37,712.54,715.62,2855142,AMZN
30-Jun-16,148.86,151.91,148.67,151.78,3967126,IBM
30-Mar-16,36.61,37.28,36.44,36.56,19836459,YHOO
30-Mar-16,596.71,603.24,595.00,598.69,3887968,AMZN
30-Mar-16,149.95,150.41,148.32,148.41,3324850,IBM
30-Nov-16,41.62,41.67,40.88,41.02,7644360,YHOO
30-Nov-16,762.00,768.09,750.25,750.57,4625946,AMZN
30-Nov-16,163.35,163.80,162.21,162.22,4397817,IBM
30-Sep-16,42.74,43.25,42.72,43.10,10374757,YHOO
30-Sep-16,832.61,839.95,832.40,837.31,4430566,AMZN
30-Sep-16,158.90,159.84,158.06,158.85,3596878,IBM
31-Aug-16,42.46,42.80,42.46,42.75,7715941,YHOO
31-Aug-16,766.60,769.64,764.00,769.16,1633789,AMZN
31-Aug-16,159.66,159.66,158.26,158.88,2323649,IBM
31-Mar-16,36.51,37.02,36.50,36.81,18666216,YHOO
31-Mar-16,599.28,600.75,592.21,593.64,2673617,AMZN
31-Mar-16,149.79,153.10,149.36,151.45,6775712,IBM
31-May-16,37.73,38.08,37.50,37.94,12873630,YHOO
31-May-16,712.33,724.23,711.32,722.79,3618323,AMZN
31-May-16,152.56,153.81,152.27,153.74,5836645,IBM
31-Oct-16,42.03,42.16,41.55,41.55,3749658,YHOO
31-Oct-16,781.03,793.70,780.11,789.82,5413326,AMZN
31-Oct-16,152.76,154.33,152.76,153.69,3553172,IBM
4-Apr-16,36.55,37.50,36.54,37.02,20203233,YHOO
4-Apr-16,599.00,599.50,590.55,593.19,2466710,AMZN
4-Apr-16,152.34,153.52,151.91,152.07,3901552,IBM
4-Aug-16,38.47,39.03,38.43,38.92,11000843,YHOO
4-Aug-16,753.70,765.00,750.35,760.77,3178208,AMZN
4-Aug-16,160.86,161.70,160.12,161.55,2489068,IBM
4-Feb-16,27.91,29.23,27.71,29.15,28516992,YHOO
4-Feb-16,525.00,538.99,519.22,536.26,6176558,AMZN
4-Feb-16,125.08,128.50,125.00,127.65,5240258,IBM
4-Jan-17,39.00,40.25,38.92,40.06,11759453,YHOO
4-Jan-17,758.39,759.68,754.20,757.18,2510526,AMZN
4-Jan-17,167.77,169.87,167.36,169.26,3381432,IBM
4-Mar-16,32.91,33.93,32.76,33.86,22915205,YHOO
4-Mar-16,581.07,581.40,571.06,575.14,3405070,AMZN
4-Mar-16,137.54,139.42,137.02,137.80,3966935,IBM
4-May-16,35.81,36.09,35.74,36.00,9649269,YHOO
4-May-16,662.59,674.00,662.14,670.90,4574490,AMZN
4-May-16,143.36,145.00,143.31,144.25,2575776,IBM
4-Nov-16,39.96,40.67,39.80,40.28,4579437,YHOO
4-Nov-16,762.79,766.00,753.23,755.05,5122103,AMZN
4-Nov-16,152.40,153.64,151.87,152.43,2470368,IBM
4-Oct-16,43.20,43.50,42.96,43.18,8998384,YHOO
4-Oct-16,840.91,842.36,830.26,834.03,2950314,AMZN
4-Oct-16,157.67,158.53,155.82,156.46,2884146,IBM
5-Apr-16,36.70,36.92,36.22,36.41,12439202,YHOO
5-Apr-16,590.77,593.47,585.25,586.14,2277169,AMZN
5-Apr-16,151.43,151.60,149.65,150.00,3334931,IBM
5-Aug-16,39.00,39.15,38.90,38.99,9127094,YHOO
5-Aug-16,764.81,768.47,763.09,765.98,2704391,AMZN
5-Aug-16,162.00,163.51,161.57,163.50,3812370,IBM
5-Dec-16,40.02,40.39,39.85,40.20,4408407,YHOO
5-Dec-16,745.00,761.49,742.00,759.36,4314723,AMZN
5-Dec-16,160.85,161.15,159.59,159.84,3447052,IBM
5-Feb-16,29.06,29.14,27.72,27.97,16077452,YHOO
5-Feb-16,529.28,529.45,499.19,502.13,9639606,AMZN
5-Feb-16,127.22,128.64,125.85,128.57,7155806,IBM
5-Jan-17,40.31,41.37,40.24,41.34,13122100,YHOO
5-Jan-17,761.55,782.40,760.26,780.45,5830068,AMZN
5-Jan-17,169.25,169.39,167.26,168.70,2682301,IBM
5-Jul-16,37.68,37.77,37.17,37.50,8746735,YHOO
5-Jul-16,722.80,728.11,719.61,728.10,2431431,AMZN
5-Jul-16,151.19,152.00,150.76,151.68,2465240,IBM
5-May-16,37.06,37.45,36.86,36.94,13699177,YHOO
5-May-16,673.31,676.49,656.00,659.09,4875480,AMZN
5-May-16,145.95,147.30,145.45,146.47,6492015,IBM
5-Oct-16,43.23,43.87,43.22,43.71,6118487,YHOO
5-Oct-16,838.00,845.67,836.12,844.36,3469055,AMZN
5-Oct-16,157.07,157.83,156.72,157.08,1684458,IBM
6-Apr-16,36.40,37.00,36.31,36.66,19418583,YHOO
6-Apr-16,587.52,602.39,587.50,602.08,2833480,AMZN
6-Apr-16,149.90,150.15,147.81,150.02,4179157,IBM
6-Dec-16,40.31,40.42,39.88,39.97,6987846,YHOO
6-Dec-16,763.99,768.24,757.25,764.72,3794746,AMZN
6-Dec-16,160.13,160.79,158.93,160.35,2858962,IBM
6-Jan-17,41.25,41.34,40.85,41.23,6087644,YHOO
6-Jan-17,782.36,799.44,778.48,795.99,5986234,AMZN
6-Jan-17,168.69,169.92,167.52,169.53,2945536,IBM
6-Jul-16,37.43,37.56,37.13,37.51,8328101,YHOO
6-Jul-16,725.71,737.77,722.58,737.61,3938249,AMZN
6-Jul-16,151.85,152.41,149.92,152.37,2569393,IBM
6-Jun-16,36.67,37.20,36.52,37.07,8426142,YHOO
6-Jun-16,726.50,731.50,724.42,726.73,2704806,AMZN
6-Jun-16,153.09,153.95,152.34,152.73,2378662,IBM
6-May-16,36.55,37.31,36.49,37.23,9208343,YHOO
6-May-16,656.05,676.95,656.01,673.95,4347214,AMZN
6-May-16,144.86,147.97,144.47,147.29,4882514,IBM
6-Oct-16,43.64,43.82,43.37,43.68,6293908,YHOO
6-Oct-16,843.70,847.21,840.60,841.66,2684013,AMZN
6-Oct-16,156.84,157.43,155.89,156.88,1950106,IBM
6-Sep-16,43.50,44.85,43.50,44.71,18125776,YHOO
6-Sep-16,774.04,789.48,770.22,788.87,3719788,AMZN
6-Sep-16,159.88,160.86,159.11,160.35,2994056,IBM
7-Apr-16,35.86,37.25,35.72,36.17,38653774,YHOO
7-Apr-16,598.76,599.60,589.08,591.43,3153717,AMZN
7-Apr-16,149.07,149.60,148.00,148.25,3651838,IBM
7-Dec-16,39.98,40.57,39.75,40.52,7208492,YHOO
7-Dec-16,764.55,770.42,755.82,770.42,3684906,AMZN
7-Dec-16,160.60,165.18,160.39,164.79,4435050,IBM
7-Jul-16,37.57,37.76,37.29,37.52,9031440,YHOO
7-Jul-16,739.33,739.55,731.63,736.57,2945783,AMZN
7-Jul-16,152.75,153.69,151.89,152.60,2138421,IBM
7-Jun-16,36.90,36.99,36.62,36.73,14757059,YHOO
7-Jun-16,729.89,730.00,720.55,723.74,2732463,AMZN
7-Jun-16,153.31,153.93,152.66,153.33,4464985,IBM
7-Mar-16,33.68,34.38,33.59,33.96,22923982,YHOO
7-Mar-16,573.54,573.63,555.55,562.80,4926936,AMZN
7-Mar-16,137.28,140.51,136.87,140.15,5161376,IBM
7-Nov-16,41.17,41.23,40.86,41.05,5430744,YHOO
7-Nov-16,771.64,787.73,770.94,784.93,5984354,AMZN
7-Nov-16,153.99,156.11,153.84,155.72,3804943,IBM
7-Oct-16,43.26,43.68,43.12,43.22,8502112,YHOO
7-Oct-16,845.79,845.95,837.45,839.43,2426228,AMZN
7-Oct-16,157.14,157.70,154.86,155.67,2671852,IBM
7-Sep-16,44.55,44.92,44.19,44.35,9109446,YHOO
7-Sep-16,789.53,790.79,784.33,784.48,2424622,AMZN
7-Sep-16,160.19,161.76,160.00,161.64,2867257,IBM
8-Apr-16,36.85,36.92,35.62,36.07,20251112,YHOO
8-Apr-16,594.32,597.86,589.00,594.60,2589156,AMZN
8-Apr-16,149.06,149.99,148.12,149.35,3293391,IBM
8-Aug-16,39.00,39.27,38.86,39.24,10131279,YHOO
8-Aug-16,766.81,767.00,761.02,766.56,1986272,AMZN
8-Aug-16,162.73,163.27,161.58,162.04,3039306,IBM
8-Dec-16,40.66,41.60,40.42,41.41,9171707,YHOO
8-Dec-16,771.87,773.79,765.19,767.33,3189608,AMZN
8-Dec-16,164.87,166.00,164.22,165.36,3266436,IBM
8-Feb-16,27.61,27.97,26.48,27.05,24473574,YHOO
8-Feb-16,486.47,493.50,475.21,488.10,9808766,AMZN
8-Feb-16,126.00,127.51,124.13,126.98,7255939,IBM
8-Jul-16,37.53,37.84,37.06,37.74,8786614,YHOO
8-Jul-16,740.14,746.10,738.00,745.81,3429217,AMZN
8-Jul-16,154.00,154.60,153.08,154.46,3040593,IBM
8-Jun-16,36.84,37.30,36.84,36.97,9181896,YHOO
8-Jun-16,726.40,729.42,721.60,726.64,2223366,AMZN
8-Jun-16,153.53,154.09,153.04,154.00,2935036,IBM
8-Mar-16,33.66,33.82,32.84,32.93,21007332,YHOO
8-Mar-16,557.87,571.35,554.74,560.26,4709432,AMZN
8-Mar-16,139.71,140.35,137.42,139.07,5539956,IBM
8-Nov-16,40.97,41.28,40.68,41.16,4229743,YHOO
8-Nov-16,784.97,791.74,779.10,787.75,3412629,AMZN
8-Nov-16,154.56,155.93,153.06,155.17,3921944,IBM
8-Sep-16,44.07,44.72,44.03,44.36,7882609,YHOO
8-Sep-16,783.89,786.50,781.44,784.06,2030511,AMZN
8-Sep-16,160.55,161.21,158.76,159.00,3963164,IBM
9-Aug-16,39.24,39.31,39.10,39.24,5971530,YHOO
9-Aug-16,767.39,772.60,766.90,768.31,1876091,AMZN
9-Aug-16,162.22,162.77,161.64,161.77,2737530,IBM
9-Dec-16,41.52,41.80,41.44,41.76,6836112,YHOO
9-Dec-16,770.00,770.25,765.34,768.66,2470923,AMZN
9-Dec-16,165.18,166.72,164.60,166.52,3146930,IBM
9-Feb-16,26.64,27.69,26.51,26.82,13919057,YHOO
9-Feb-16,478.01,498.38,474.00,482.07,7045885,AMZN
9-Feb-16,126.12,126.93,123.77,124.07,5923690,IBM
9-Jan-17,41.17,41.66,41.12,41.34,7797445,YHOO
9-Jan-17,798.00,801.77,791.77,796.92,3446109,AMZN
9-Jan-17,169.47,169.80,167.62,167.65,3189891,IBM
9-Jun-16,36.82,37.73,36.71,37.35,14759107,YHOO
9-Jun-16,723.10,728.91,722.30,727.65,2170318,AMZN
9-Jun-16,152.92,153.76,152.73,153.42,2021796,IBM
9-Mar-16,33.09,33.52,32.78,33.51,12647144,YHOO
9-Mar-16,559.56,560.35,550.12,559.47,4373282,AMZN
9-Mar-16,139.31,142.17,139.23,140.41,4378456,IBM
9-May-16,36.97,37.35,36.92,37.18,6149115,YHOO
9-May-16,673.95,686.98,671.41,679.75,3972272,AMZN
9-May-16,147.70,148.20,147.01,147.34,4298800,IBM
9-Nov-16,40.44,41.39,40.22,41.21,24000065,YHOO
9-Nov-16,764.00,777.50,760.09,771.88,8562892,AMZN
9-Nov-16,152.96,155.56,151.00,154.81,5403688,IBM
9-Sep-16,43.92,44.15,42.82,42.92,12060737,YHOO
9-Sep-16,779.36,781.00,760.11,760.14,4257344,AMZN
9-Sep-16,158.03,158.40,155.65,155.69,5185972,IBM
